id_registro,fecha,distrito_origen,tarifa_viaje_soles,distancia_km
C33-0001,2026-01-01,Surco,10.64,0.8
C33-0002,2026-01-01,Miraflores,24.14,2.7
C33-0003,2026-01-01,Miraflores,24.54,7.9
C33-0004,2026-01-01,Surco,12.6,10.1
C33-0005,2026-01-02,Miraflores,12.28,4.7
C33-0006,2026-01-02,Comas,29.46,5.0
C33-0007,2026-01-03,Comas,14.08,4.2
C33-0008,2026-01-03,Miraflores,11.2,16.8
C33-0009,2026-01-05,Callao,10.64,1.8
C33-0010,2026-01-05,San Isidro,19.65,1.3
C33-0011,2026-01-05,Surco,15.78,11.4
C33-0012,2026-01-05,Miraflores,24.31,2.8
C33-0013,2026-01-06,Comas,17.78,11.1
C33-0014,2026-01-07,Surco,29.01,3.8
C33-0015,2026-01-07,Comas,15.12,11.2
C33-0016,2026-01-08,Surco,54.2,12.6
C33-0017,2026-01-08,Surco,15.74,5.3
C33-0018,2026-01-08,Surco,15.53,7.0
C33-0019,2026-01-08,Surco,11.41,3.2
C33-0020,2026-01-09,Comas,7.17,10.5
C33-0021,2026-01-09,Comas,10.57,5.8
C33-0022,2026-01-09,Comas,17.6,3.3
C33-0023,2026-01-09,Surco,10.43,8.8
C33-0024,2026-01-11,Surco,24.6,8.5
C33-0025,2026-01-11,Callao,6.49,6.8
C33-0026,2026-01-11,Comas,7.23,5.3
C33-0027,2026-01-12,Comas,18.39,10.8
C33-0028,2026-01-12,Comas,19.07,4.4
C33-0029,2026-01-14,Comas,9.35,3.6
C33-0030,2026-01-14,Callao,23.3,6.0
C33-0031,2026-01-15,Comas,30.61,9.1
C33-0032,2026-01-15,Comas,18.9,5.5
C33-0033,2026-01-15,Miraflores,7.43,4.5
C33-0034,2026-01-16,Comas,28.69,2.9
C33-0035,2026-01-16,Callao,12.24,3.8
C33-0036,2026-01-17,Callao,12.9,4.3
C33-0037,2026-01-17,Callao,17.6,14.9
C33-0038,2026-01-18,Comas,11.5,0.1
C33-0039,2026-01-18,Miraflores,27.78,5.1
C33-0040,2026-01-18,Miraflores,10.17,7.2
C33-0041,2026-01-19,Surco,27.58,3.4
C33-0042,2026-01-20,Miraflores,19.63,2.2
C33-0043,2026-01-25,Comas,36.8,9.2
C33-0044,2026-01-25,San Isidro,24.22,12.4
C33-0045,2026-01-25,Miraflores,20.51,11.3
C33-0046,2026-01-26,Surco,13.93,7.0
C33-0047,2026-01-27,Miraflores,,5.2
C33-0048,2026-01-28,Comas,12.06,9.6
C33-0049,2026-01-28,Surco,23.95,0.4
C33-0050,2026-01-29,Comas,11.84,3.6
C33-0051,2026-01-29,Comas,32.76,12.8
C33-0052,2026-01-29,San Isidro,18.28,8.7
C33-0053,2026-01-30,Callao,8.11,7.6
C33-0054,2026-01-31,Comas,11.8,6.2
C33-0055,2026-02-01,Comas,27.88,5.4
C33-0056,2026-02-01,San Isidro,15.39,3.6
C33-0057,2026-02-03,Surco,22.33,9.3
C33-0058,2026-02-06,Comas,7.72,9.0
C33-0059,2026-02-08,Callao,17.59,9.0
C33-0060,2026-02-10,Comas,23.33,0.1
C33-0061,2026-02-10,Miraflores,17.61,12.1
C33-0062,2026-02-12,San Isidro,28.12,10.4
C33-0063,2026-02-12,Miraflores,8.76,13.2
C33-0064,2026-02-14,Callao,6.59,4.7
C33-0065,2026-02-15,Miraflores,7.53,0.1
C33-0066,2026-02-16,Callao,21.31,1.8
C33-0067,2026-02-16,Miraflores,16.88,3.4
C33-0068,2026-02-16,Miraflores,20.41,15.0
C33-0069,2026-02-16,Miraflores,10.77,4.0
C33-0070,2026-02-17,Surco,25.05,5.1
C33-0071,2026-02-18,San Isidro,9.52,11.0
C33-0072,2026-02-18,Surco,20.86,10.6
C33-0073,2026-02-19,Callao,8.89,10.9
C33-0074,2026-02-20,Callao,11.84,5.1
C33-0075,2026-02-21,Surco,23.48,14.5
C33-0076,2026-02-22,Surco,26.05,8.6
C33-0077,2026-02-23,Comas,15.36,3.6
C33-0078,2026-02-23,San Isidro,16.74,8.6
C33-0079,2026-02-24,Comas,31.25,1.4
C33-0080,2026-02-26,Comas,27.01,2.0
C33-0081,2026-02-26,Callao,10.62,4.3
C33-0082,2026-02-26,Comas,19.08,2.3
C33-0083,2026-02-27,Miraflores,12.89,5.0
C33-0084,2026-02-28,Callao,23.06,4.4
C33-0085,2026-03-01,Comas,20.68,5.1
C33-0086,2026-03-01,Callao,17.99,3.5
C33-0087,2026-03-03,Miraflores,14.93,11.5
C33-0088,2026-03-03,Comas,13.02,3.0
C33-0089,2026-03-06,Comas,28.05,4.9
C33-0090,2026-03-07,Surco,21.26,3.4
C33-0091,2026-03-08,Miraflores,4.84,4.6
C33-0092,2026-03-09,Miraflores,12.0,1.8
C33-0093,2026-03-10,Comas,19.02,15.4
C33-0094,2026-03-11,Comas,11.87,5.9
C33-0095,2026-03-12,Miraflores,9.3,10.3
C33-0096,2026-03-12,Miraflores,10.64,5.5
C33-0097,2026-03-14,Comas,19.76,1.8
C33-0098,2026-03-15,Miraflores,9.16,4.9
C33-0099,2026-03-15,Callao,17.49,4.3
C33-0100,2026-03-16,Surco,33.12,2.1
C33-0101,2026-03-16,Callao,22.97,7.4
C33-0102,2026-03-18,Callao,23.37,13.5
C33-0103,2026-03-20,Surco,15.88,7.8
C33-0104,2026-03-21,Surco,30.56,11.2
C33-0105,2026-03-22,Miraflores,14.48,12.2
C33-0106,2026-03-22,Comas,25.39,0.1
C33-0107,2026-03-23,San Isidro,11.8,14.6
C33-0108,2026-03-24,Miraflores,25.75,1.8
C33-0109,2026-03-24,San Isidro,15.26,14.4
C33-0110,2026-03-26,Callao,14.95,7.9
C33-0111,2026-03-26,Comas,27.49,9.5
C33-0112,2026-03-26,Surco,17.52,15.9
C33-0113,2026-03-27,Comas,13.43,11.3
C33-0114,2026-03-27,Callao,13.62,0.7
C33-0115,2026-03-28,Comas,27.92,0.1
C33-0116,2026-03-29,Surco,29.38,2.3
C33-0117,2026-03-29,Surco,23.83,11.1
C33-0118,2026-03-31,Miraflores,10.61,8.3
C33-0119,2026-03-31,Callao,12.1,10.7
C33-0120,2026-03-31,Callao,19.9,8.8
C33-0121,2026-04-01,Surco,24.66,11.9
C33-0122,2026-04-01,Comas,11.89,2.9
C33-0123,2026-04-02,Surco,12.5,0.1
C33-0124,2026-04-02,Comas,22.99,4.3
C33-0125,2026-04-03,Comas,27.65,10.3
C33-0126,2026-04-04,San Isidro,20.58,3.0
C33-0127,2026-04-05,Miraflores,8.1,0.1
C33-0128,2026-04-06,Callao,30.64,4.8
C33-0129,2026-04-06,Callao,14.8,9.7
C33-0130,2026-04-07,Comas,20.56,8.7
C33-0131,2026-04-08,Comas,6.03,5.6
C33-0132,2026-04-08,San Isidro,14.02,4.9
C33-0133,2026-04-08,Callao,13.21,0.1
C33-0134,2026-04-08,Surco,19.83,6.8
C33-0135,2026-04-10,Callao,9.47,14.5
C33-0136,2026-04-10,Comas,7.93,4.9
C33-0137,2026-04-10,Callao,6.6,13.4
C33-0138,2026-04-10,Surco,14.13,1.9
C33-0139,2026-04-11,Miraflores,15.79,5.1
C33-0140,2026-04-11,San Isidro,21.62,4.8
C33-0141,2026-04-11,Surco,7.48,6.6
C33-0142,2026-04-11,Comas,11.5,0.1
C33-0143,2026-04-12,Miraflores,13.03,11.4
C33-0144,2026-04-12,Miraflores,21.69,5.3
C33-0145,2026-04-12,Surco,21.6,0.1
C33-0146,2026-04-12,San Isidro,21.45,9.1
C33-0147,2026-04-13,Surco,7.58,7.1
C33-0148,2026-04-14,Comas,26.4,1.4
C33-0149,2026-04-14,Surco,15.91,6.0
C33-0150,2026-04-16,Miraflores,14.98,9.8
C33-0151,2026-04-18,Miraflores,9.89,9.3
C33-0152,2026-04-19,Comas,14.41,8.0
C33-0153,2026-04-19,Miraflores,11.54,4.0
C33-0154,2026-04-21,Callao,11.5,7.8
C33-0155,2026-04-21,San Isidro,12.51,11.9
C33-0156,2026-04-21,Surco,22.67,15.5
C33-0157,2026-04-22,Comas,24.13,9.3
C33-0158,2026-04-24,Callao,10.81,10.1
C33-0159,2026-04-24,Comas,10.73,10.8
C33-0160,2026-04-24,Surco,11.27,5.9
C33-0161,2026-04-25,Comas,13.73,0.1
C33-0162,2026-04-30,Callao,26.97,4.6
C33-0163,2026-04-30,Comas,14.84,6.1
C33-0164,2026-05-01,Comas,37.05,7.7
C33-0165,2026-05-01,Surco,9.17,6.6
C33-0166,2026-05-02,Callao,8.36,3.5
C33-0167,2026-05-02,Comas,10.97,4.1
C33-0168,2026-05-02,Miraflores,9.04,5.2
C33-0169,2026-05-02,Comas,18.41,2.5
C33-0170,2026-05-04,Surco,37.19,2.5
C33-0171,2026-05-04,Comas,11.24,0.1
C33-0172,2026-05-05,Miraflores,15.85,4.2
C33-0173,2026-05-05,Comas,29.38,5.9
C33-0174,2026-05-05,Callao,42.6,2.8
C33-0175,2026-05-06,Miraflores,14.93,4.2
C33-0176,2026-05-07,Surco,26.25,5.6
C33-0177,2026-05-07,Callao,25.88,0.8
C33-0178,2026-05-07,Comas,16.64,2.6
C33-0179,2026-05-07,Surco,21.68,1.5
C33-0180,2026-05-09,Comas,13.52,6.9
C33-0181,2026-05-10,Surco,11.03,0.7
C33-0182,2026-05-10,Miraflores,10.33,5.2
C33-0183,2026-05-11,Comas,27.32,0.1
C33-0184,2026-05-11,Comas,29.81,12.1
C33-0185,2026-05-11,Comas,17.95,7.4
C33-0186,2026-05-11,Surco,9.46,2.1
C33-0187,2026-05-11,Surco,29.69,5.1
C33-0188,2026-05-11,Comas,16.01,13.0
C33-0189,2026-05-13,Miraflores,27.5,5.9
C33-0190,2026-05-17,Surco,17.58,0.1
C33-0191,2026-05-18,San Isidro,11.21,5.5
C33-0192,2026-05-20,Miraflores,12.01,3.8
C33-0193,2026-05-21,Comas,11.78,
C33-0194,2026-05-21,Comas,33.7,6.6
C33-0195,2026-05-21,Comas,5.58,0.1
C33-0196,2026-05-23,Surco,12.76,7.1
C33-0197,2026-05-24,Comas,13.9,10.1
C33-0198,2026-05-24,Comas,6.21,11.9
C33-0199,2026-05-24,San Isidro,23.45,7.8
C33-0200,2026-05-25,Miraflores,18.31,13.9
C33-0201,2026-05-25,Miraflores,20.42,12.3
C33-0202,2026-05-28,Callao,20.85,9.7
C33-0203,2026-05-29,Miraflores,13.14,12.8
C33-0204,2026-05-29,Callao,21.94,0.1
C33-0205,2026-05-30,Miraflores,11.18,11.7
C33-0206,2026-05-31,Comas,,12.5
C33-0207,2026-05-31,Comas,17.85,6.3
C33-0208,2026-05-31,Comas,16.67,10.0
C33-0209,2026-05-31,Comas,20.46,4.1
C33-0210,2026-06-01,Callao,10.43,6.1
C33-0211,2026-06-01,Comas,15.21,6.0
C33-0212,2026-06-02,Surco,12.81,2.5
C33-0213,2026-06-02,Comas,16.63,5.8
C33-0214,2026-06-04,Comas,18.63,0.1
C33-0215,2026-06-05,Callao,9.97,6.1
C33-0216,2026-06-07,San Isidro,37.79,13.5
C33-0217,2026-06-07,Comas,39.82,14.3
C33-0218,2026-06-10,Miraflores,17.87,6.6
C33-0219,2026-06-10,Miraflores,14.42,13.7
C33-0220,2026-06-11,Surco,,8.4
C33-0221,2026-06-12,Comas,14.94,1.6
C33-0222,2026-06-12,Callao,12.85,4.3
C33-0223,2026-06-12,Surco,23.37,6.5
C33-0224,2026-06-12,Surco,16.89,6.7
C33-0225,2026-06-13,Surco,23.53,9.4
C33-0226,2026-06-14,Comas,21.11,4.0
C33-0227,2026-06-16,Miraflores,11.07,5.1
C33-0228,2026-06-16,Surco,9.15,10.9
C33-0229,2026-06-16,Comas,9.38,7.4
C33-0230,2026-06-17,Comas,9.89,8.5
C33-0231,2026-06-18,Miraflores,13.7,6.6
C33-0232,2026-06-19,Surco,29.44,9.7
C33-0233,2026-06-19,Miraflores,9.03,9.9
C33-0234,2026-06-20,Surco,23.02,3.8
C33-0235,2026-06-22,Surco,15.68,11.5
C33-0236,2026-06-22,Miraflores,25.01,4.4
C33-0237,2026-06-22,Comas,46.35,8.4
C33-0238,2026-06-23,Miraflores,22.85,5.8
C33-0239,2026-06-23,Surco,19.97,9.6
C33-0240,2026-06-24,Callao,18.16,8.1
C33-0241,2026-06-25,San Isidro,35.97,9.3
C33-0242,2026-06-26,Callao,12.56,7.6
C33-0243,2026-06-27,Miraflores,9.75,6.5
C33-0244,2026-06-27,Surco,18.57,7.8
C33-0245,2026-06-27,Callao,30.48,6.9
C33-0246,2026-06-28,Miraflores,10.09,3.7
C33-0247,2026-06-29,Surco,28.85,0.8
C33-0248,2026-06-29,Callao,21.71,9.1
C33-0249,2026-06-29,San Isidro,17.7,12.1
C33-0250,2026-06-30,Callao,9.98,3.1
