Date,Headline
2023-01-01,Market rallies to new highs after incredible earnings
2023-01-02,Market remains flat amid cautious trading day
2023-01-03,Breakthrough technology boosts investor confidence
2023-01-04,Tech sector shows strong growth and stability
2023-01-05,Investors await federal meeting outcomes
2023-01-06,Investors await federal meeting outcomes
2023-01-07,Market rallies to new highs after incredible earnings
2023-01-08,Dividend payouts increased this quarter across the board
2023-01-09,Market remains flat amid cautious trading day
2023-01-10,Dividend payouts increased this quarter across the board
2023-01-11,Sector outlook remains unchanged for the quarter
2023-01-12,Market remains flat amid cautious trading day
2023-01-13,Market remains flat amid cautious trading day
2023-01-14,Inflation fears cause unexpected market selloff
2023-01-15,Supply chain issues hit the sector hard today
2023-01-16,Supply chain issues hit the sector hard today
2023-01-17,Disappointing earnings report released this morning
2023-01-18,Quarterly figures meet baseline expectations
2023-01-19,Inflation fears cause unexpected market selloff
2023-01-20,Disappointing earnings report released this morning
2023-01-21,Tech sector shows strong growth and stability
2023-01-22,Quarterly figures meet baseline expectations
2023-01-23,Sector outlook remains unchanged for the quarter
2023-01-24,Supply chain issues hit the sector hard today
2023-01-25,Sector outlook remains unchanged for the quarter
2023-01-26,Quarterly figures meet baseline expectations
2023-01-27,Regulatory concerns drop share prices significantly
2023-01-28,Market remains flat amid cautious trading day
2023-01-29,Supply chain issues hit the sector hard today
2023-01-30,Sector outlook remains unchanged for the quarter
2023-01-31,Regulatory concerns drop share prices significantly
2023-02-01,Breakthrough technology boosts investor confidence
2023-02-02,Investors await federal meeting outcomes
2023-02-03,Supply chain issues hit the sector hard today
2023-02-04,Breakthrough technology boosts investor confidence
2023-02-05,Inflation fears cause unexpected market selloff
2023-02-06,Market remains flat amid cautious trading day
2023-02-07,Investors panic over new interest rate hikes
2023-02-08,Inflation fears cause unexpected market selloff
2023-02-09,Trading volume normalizes after a volatile week
2023-02-10,Breakthrough technology boosts investor confidence
2023-02-11,Quarterly figures meet baseline expectations
2023-02-12,Trading volume normalizes after a volatile week
2023-02-13,Market remains flat amid cautious trading day
2023-02-14,Investors panic over new interest rate hikes
2023-02-15,Disappointing earnings report released this morning
2023-02-16,Market remains flat amid cautious trading day
2023-02-17,Analysts upgrade major index to a strong buy rating
2023-02-18,Market remains flat amid cautious trading day
2023-02-19,Disappointing earnings report released this morning
2023-02-20,Trading volume normalizes after a volatile week
2023-02-21,Quarterly figures meet baseline expectations
2023-02-22,Regulatory concerns drop share prices significantly
2023-02-23,Dividend payouts increased this quarter across the board
2023-02-24,Tech sector shows strong growth and stability
2023-02-25,Market rallies to new highs after incredible earnings
2023-02-26,Inflation fears cause unexpected market selloff
2023-02-27,Investors await federal meeting outcomes
2023-02-28,Trading volume normalizes after a volatile week
2023-03-01,Market rallies to new highs after incredible earnings
2023-03-02,Investors await federal meeting outcomes
2023-03-03,Market remains flat amid cautious trading day
2023-03-04,Investors panic over new interest rate hikes
2023-03-05,Regulatory concerns drop share prices significantly
2023-03-06,Analysts upgrade major index to a strong buy rating
2023-03-07,Breakthrough technology boosts investor confidence
2023-03-08,Investors await federal meeting outcomes
2023-03-09,Breakthrough technology boosts investor confidence
2023-03-10,Trading volume normalizes after a volatile week
2023-03-11,Supply chain issues hit the sector hard today
2023-03-12,Trading volume normalizes after a volatile week
2023-03-13,Market rallies to new highs after incredible earnings
2023-03-14,Quarterly figures meet baseline expectations
2023-03-15,Tech sector shows strong growth and stability
2023-03-16,Disappointing earnings report released this morning
2023-03-17,Tech sector shows strong growth and stability
2023-03-18,Investors await federal meeting outcomes
2023-03-19,Sector outlook remains unchanged for the quarter
2023-03-20,Sector outlook remains unchanged for the quarter
2023-03-21,Regulatory concerns drop share prices significantly
2023-03-22,Quarterly figures meet baseline expectations
2023-03-23,Investors await federal meeting outcomes
2023-03-24,Breakthrough technology boosts investor confidence
2023-03-25,Market remains flat amid cautious trading day
2023-03-26,Supply chain issues hit the sector hard today
2023-03-27,Market remains flat amid cautious trading day
2023-03-28,Breakthrough technology boosts investor confidence
2023-03-29,Sector outlook remains unchanged for the quarter
2023-03-30,Trading volume normalizes after a volatile week
2023-03-31,Market rallies to new highs after incredible earnings
2023-04-01,Investors await federal meeting outcomes
2023-04-02,Dividend payouts increased this quarter across the board
2023-04-03,Regulatory concerns drop share prices significantly
2023-04-04,Investors await federal meeting outcomes
2023-04-05,Sector outlook remains unchanged for the quarter
2023-04-06,Investors panic over new interest rate hikes
2023-04-07,Sector outlook remains unchanged for the quarter
2023-04-08,Investors await federal meeting outcomes
2023-04-09,Trading volume normalizes after a volatile week
2023-04-10,Investors await federal meeting outcomes
2023-04-11,Supply chain issues hit the sector hard today
2023-04-12,Quarterly figures meet baseline expectations
2023-04-13,Quarterly figures meet baseline expectations
2023-04-14,Regulatory concerns drop share prices significantly
2023-04-15,Quarterly figures meet baseline expectations
2023-04-16,Sector outlook remains unchanged for the quarter
2023-04-17,Dividend payouts increased this quarter across the board
2023-04-18,Sector outlook remains unchanged for the quarter
2023-04-19,Trading volume normalizes after a volatile week
2023-04-20,Investors await federal meeting outcomes
2023-04-21,Supply chain issues hit the sector hard today
2023-04-22,Quarterly figures meet baseline expectations
2023-04-23,Sector outlook remains unchanged for the quarter
2023-04-24,Market rallies to new highs after incredible earnings
2023-04-25,Market remains flat amid cautious trading day
2023-04-26,Market remains flat amid cautious trading day
2023-04-27,Investors await federal meeting outcomes
2023-04-28,Supply chain issues hit the sector hard today
2023-04-29,Analysts upgrade major index to a strong buy rating
2023-04-30,Dividend payouts increased this quarter across the board
2023-05-01,Market rallies to new highs after incredible earnings
2023-05-02,Investors panic over new interest rate hikes
2023-05-03,Analysts upgrade major index to a strong buy rating
2023-05-04,Disappointing earnings report released this morning
2023-05-05,Analysts upgrade major index to a strong buy rating
2023-05-06,Dividend payouts increased this quarter across the board
2023-05-07,Regulatory concerns drop share prices significantly
2023-05-08,Disappointing earnings report released this morning
2023-05-09,Market remains flat amid cautious trading day
2023-05-10,Market remains flat amid cautious trading day
2023-05-11,Disappointing earnings report released this morning
2023-05-12,Trading volume normalizes after a volatile week
2023-05-13,Regulatory concerns drop share prices significantly
2023-05-14,Market rallies to new highs after incredible earnings
2023-05-15,Regulatory concerns drop share prices significantly
2023-05-16,Analysts upgrade major index to a strong buy rating
2023-05-17,Supply chain issues hit the sector hard today
2023-05-18,Sector outlook remains unchanged for the quarter
2023-05-19,Market rallies to new highs after incredible earnings
2023-05-20,Regulatory concerns drop share prices significantly
2023-05-21,Quarterly figures meet baseline expectations
2023-05-22,Tech sector shows strong growth and stability
2023-05-23,Disappointing earnings report released this morning
2023-05-24,Market remains flat amid cautious trading day
2023-05-25,Trading volume normalizes after a volatile week
2023-05-26,Dividend payouts increased this quarter across the board
2023-05-27,Disappointing earnings report released this morning
2023-05-28,Supply chain issues hit the sector hard today
2023-05-29,Tech sector shows strong growth and stability
2023-05-30,Trading volume normalizes after a volatile week
